id,datum,semi_eixo,achat,deltax,deltay,deltaz
0,NULL,0.000000e+00,0.000000e+00,0.000000e+00,0.000000e+00,0.000000e+00
1,SAD69,6.3781600e+06,3.35289187e-03,-6.735000e+01,3.880000e+00,-3.822000e+01
2,CorregoAlegre,6.3783880e+06,3.36700337e-03,-2.060500e+02,1.682800e+02,-3.820000e+00
3,AstroChua,6.3783880e+06,3.36700337e-03,-1.443500e+02,2.433700e+02,-3.322000e+01
4,WGS84,6.3781370e+06,3.35281066e-03,0.000000e+00,0.000000e+00,0.000000e+00
5,SIRGAS2000,6.3781370e+06,3.35281068e-03,0.000000e+00,0.000000e+00,0.000000e+00